"id";"page_number";"status";"created_at";"updated_at"
1;1;"N";"2021-03-31 00:00:00";"2021-03-31 00:00:00"
2;2;"N";"2021-03-31 00:00:00";"2021-03-31 00:00:00"
3;3;"N";"2021-03-31 00:00:00";"2021-03-31 00:00:00"
4;4;"N";"2021-03-31 00:00:00";"2021-03-31 00:00:00"
5;5;"N";"2021-03-31 00:00:00";"2021-03-31 00:00:00"
6;6;"M";"2021-03-31 00:00:00";"2021-03-31 00:00:00"
7;7;"N";"2021-03-31 00:00:00";"2021-03-31 00:00:00"
8;8;"M";"2021-03-31 00:00:00";"2021-03-31 00:00:00"
9;9;"N";"2021-03-31 00:00:00";"2021-03-31 00:00:00"
10;10;"N";"2021-03-31 00:00:00";"2021-03-31 00:00:00"
11;11;"N";"2021-03-31 00:00:00";"2021-03-31 00:00:00"
12;12;"M";"2021-03-31 00:00:00";"2021-03-31 19:13:49"
13;13;"N";"2021-03-31 00:00:00";"2021-03-31 00:00:00"
14;14;"N";"2021-03-31 00:00:00";"2021-03-31 00:00:00"
15;15;"N";"2021-03-31 00:00:00";"2021-03-31 00:00:00"
16;16;"N";"2021-03-31 00:00:00";"2021-03-31 00:00:00"
17;17;"N";"2021-03-31 00:00:00";"2021-03-31 00:00:00"
18;18;"N";"2021-03-31 00:00:00";"2021-03-31 00:00:00"
19;19;"N";"2021-03-31 00:00:00";"2021-03-31 00:00:00"
20;20;"N";"2021-03-31 00:00:00";"2021-03-31 00:00:00"
21;21;"M";"2021-03-31 00:00:00";"2021-03-31 19:14:32"
22;22;"N";"2021-03-31 00:00:00";"2021-03-31 00:00:00"
23;23;"N";"2021-03-31 00:00:00";"2021-03-31 00:00:00"
24;24;"N";"2021-03-31 00:00:00";"2021-03-31 00:00:00"
25;25;"N";"2021-03-31 00:00:00";"2021-03-31 00:00:00"
26;26;"N";"2021-03-31 00:00:00";"2021-03-31 00:00:00"
27;27;"M";"2021-03-31 00:00:00";"2021-03-31 19:20:41"
28;28;"N";"2021-03-31 00:00:00";"2021-03-31 00:00:00"
29;29;"N";"2021-03-31 00:00:00";"2021-03-31 00:00:00"
30;30;"N";"2021-03-31 00:00:00";"2021-03-31 00:00:00"
31;31;"N";"2021-03-31 00:00:00";"2021-03-31 00:00:00"
32;32;"N";"2021-03-31 00:00:00";"2021-03-31 00:00:00"
33;33;"N";"2021-03-31 00:00:00";"2021-03-31 00:00:00"
34;34;"N";"2021-03-31 00:00:00";"2021-03-31 00:00:00"
35;35;"N";"2021-03-31 00:00:00";"2021-03-31 00:00:00"
36;36;"N";"2021-03-31 00:00:00";"2021-03-31 00:00:00"
37;37;"M";"2021-03-31 00:00:00";"2021-03-31 19:17:22"
38;38;"N";"2021-03-31 00:00:00";"2021-03-31 00:00:00"
39;39;"N";"2021-03-31 00:00:00";"2021-03-31 00:00:00"
40;40;"N";"2021-03-31 00:00:00";"2021-03-31 00:00:00"
41;41;"N";"2021-03-31 00:00:00";"2021-03-31 00:00:00"
42;42;"N";"2021-03-31 00:00:00";"2021-03-31 00:00:00"
43;43;"N";"2021-03-31 00:00:00";"2021-03-31 00:00:00"
44;44;"N";"2021-03-31 00:00:00";"2021-03-31 00:00:00"
45;45;"N";"2021-03-31 00:00:00";"2021-03-31 00:00:00"
46;46;"N";"2021-03-31 00:00:00";"2021-03-31 00:00:00"
47;47;"N";"2021-03-31 00:00:00";"2021-03-31 00:00:00"
48;48;"N";"2021-03-31 00:00:00";"2021-03-31 00:00:00"
49;49;"M";"2021-03-31 00:00:00";"2021-03-31 19:21:46"
50;50;"N";"2021-03-31 00:00:00";"2021-03-31 00:00:00"
51;51;"N";"2021-03-31 00:00:00";"2021-03-31 00:00:00"
52;52;"N";"2021-03-31 00:00:00";"2021-03-31 00:00:00"
53;53;"N";"2021-03-31 00:00:00";"2021-03-31 00:00:00"
54;54;"N";"2021-03-31 00:00:00";"2021-03-31 00:00:00"
55;55;"N";"2021-03-31 00:00:00";"2021-03-31 00:00:00"
56;56;"N";"2021-03-31 00:00:00";"2021-03-31 00:00:00"
57;57;"N";"2021-03-31 00:00:00";"2021-03-31 00:00:00"
58;58;"N";"2021-03-31 00:00:00";"2021-03-31 00:00:00"
59;59;"N";"2021-03-31 00:00:00";"2021-03-31 00:00:00"
60;60;"N";"2021-03-31 00:00:00";"2021-03-31 00:00:00"
61;61;"N";"2021-03-31 00:00:00";"2021-03-31 00:00:00"
62;62;"N";"2021-03-31 00:00:00";"2021-03-31 00:00:00"
63;63;"N";"2021-03-31 00:00:00";"2021-03-31 00:00:00"
64;64;"N";"2021-03-31 00:00:00";"2021-03-31 00:00:00"
65;65;"N";"2021-03-31 00:00:00";"2021-03-31 00:00:00"
66;66;"N";"2021-03-31 00:00:00";"2021-03-31 00:00:00"
67;67;"N";"2021-03-31 00:00:00";"2021-03-31 00:00:00"
68;68;"N";"2021-03-31 00:00:00";"2021-03-31 00:00:00"
69;69;"N";"2021-03-31 00:00:00";"2021-03-31 00:00:00"
70;70;"N";"2021-03-31 00:00:00";"2021-03-31 00:00:00"
71;71;"N";"2021-03-31 00:00:00";"2021-03-31 00:00:00"
72;72;"N";"2021-03-31 00:00:00";"2021-03-31 00:00:00"
73;73;"N";"2021-03-31 00:00:00";"2021-03-31 00:00:00"
74;74;"M";"2021-03-31 00:00:00";"2021-03-31 19:17:26"
75;75;"N";"2021-03-31 00:00:00";"2021-03-31 00:00:00"
76;76;"M";"2021-03-31 00:00:00";"2021-03-31 19:36:09"
77;77;"N";"2021-03-31 00:00:00";"2021-03-31 00:00:00"
78;78;"N";"2021-03-31 00:00:00";"2021-03-31 00:00:00"
79;79;"N";"2021-03-31 00:00:00";"2021-03-31 00:00:00"
80;80;"N";"2021-03-31 00:00:00";"2021-03-31 00:00:00"
81;81;"N";"2021-03-31 00:00:00";"2021-03-31 00:00:00"
82;82;"N";"2021-03-31 00:00:00";"2021-03-31 00:00:00"
83;83;"N";"2021-03-31 00:00:00";"2021-03-31 00:00:00"
84;84;"N";"2021-03-31 00:00:00";"2021-03-31 00:00:00"
85;85;"N";"2021-03-31 00:00:00";"2021-03-31 00:00:00"
86;86;"N";"2021-03-31 00:00:00";"2021-03-31 00:00:00"
87;87;"N";"2021-03-31 00:00:00";"2021-03-31 00:00:00"
88;88;"M";"2021-03-31 00:00:00";"2021-03-31 19:20:49"
89;89;"N";"2021-03-31 00:00:00";"2021-03-31 00:00:00"
90;90;"N";"2021-03-31 00:00:00";"2021-03-31 00:00:00"
91;91;"N";"2021-03-31 00:00:00";"2021-03-31 00:00:00"
92;92;"N";"2021-03-31 00:00:00";"2021-03-31 00:00:00"
93;93;"N";"2021-03-31 00:00:00";"2021-03-31 00:00:00"
94;94;"N";"2021-03-31 00:00:00";"2021-03-31 00:00:00"
95;95;"N";"2021-03-31 00:00:00";"2021-03-31 00:00:00"
96;96;"N";"2021-03-31 00:00:00";"2021-03-31 00:00:00"
97;97;"N";"2021-03-31 00:00:00";"2021-03-31 00:00:00"
98;98;"N";"2021-03-31 00:00:00";"2021-03-31 00:00:00"
99;99;"N";"2021-03-31 00:00:00";"2021-03-31 00:00:00"
100;100;"N";"2021-03-31 00:00:00";"2021-03-31 00:00:00"
101;101;"N";"2021-03-31 00:00:00";"2021-03-31 00:00:00"
102;102;"N";"2021-03-31 00:00:00";"2021-03-31 00:00:00"
103;103;"N";"2021-03-31 00:00:00";"2021-03-31 00:00:00"
104;104;"N";"2021-03-31 00:00:00";"2021-03-31 00:00:00"
105;105;"M";"2021-03-31 00:00:00";"2021-03-31 19:14:14"
106;106;"N";"2021-03-31 00:00:00";"2021-03-31 00:00:00"
107;107;"N";"2021-03-31 00:00:00";"2021-03-31 00:00:00"
108;108;"N";"2021-03-31 00:00:00";"2021-03-31 00:00:00"
109;109;"N";"2021-03-31 00:00:00";"2021-03-31 00:00:00"
110;110;"N";"2021-03-31 00:00:00";"2021-03-31 00:00:00"
111;111;"N";"2021-03-31 00:00:00";"2021-03-31 00:00:00"
112;112;"N";"2021-03-31 00:00:00";"2021-03-31 00:00:00"
113;113;"N";"2021-03-31 00:00:00";"2021-03-31 00:00:00"
114;114;"N";"2021-03-31 00:00:00";"2021-03-31 00:00:00"
115;115;"N";"2021-03-31 00:00:00";"2021-03-31 00:00:00"
116;116;"N";"2021-03-31 00:00:00";"2021-03-31 00:00:00"
117;117;"N";"2021-03-31 00:00:00";"2021-03-31 00:00:00"
118;118;"N";"2021-03-31 00:00:00";"2021-03-31 00:00:00"
119;119;"M";"2021-03-31 00:00:00";"2021-03-31 19:17:35"
120;120;"M";"2021-03-31 00:00:00";"2021-03-31 19:14:22"
121;121;"N";"2021-03-31 00:00:00";"2021-03-31 00:00:00"
122;122;"N";"2021-03-31 00:00:00";"2021-03-31 00:00:00"
123;123;"N";"2021-03-31 00:00:00";"2021-03-31 00:00:00"
124;124;"N";"2021-03-31 00:00:00";"2021-03-31 00:00:00"
125;125;"N";"2021-03-31 00:00:00";"2021-03-31 00:00:00"
126;126;"N";"2021-03-31 00:00:00";"2021-03-31 00:00:00"
127;127;"M";"2021-03-31 00:00:00";"2021-03-31 19:21:34"
128;128;"N";"2021-03-31 00:00:00";"2021-03-31 00:00:00"
129;129;"N";"2021-03-31 00:00:00";"2021-03-31 00:00:00"
130;130;"N";"2021-03-31 00:00:00";"2021-03-31 00:00:00"
131;131;"N";"2021-03-31 00:00:00";"2021-03-31 00:00:00"
132;132;"N";"2021-03-31 00:00:00";"2021-03-31 00:00:00"
133;133;"N";"2021-03-31 00:00:00";"2021-03-31 00:00:00"
134;134;"N";"2021-03-31 00:00:00";"2021-03-31 00:00:00"
135;135;"N";"2021-03-31 00:00:00";"2021-03-31 00:00:00"
136;136;"N";"2021-03-31 00:00:00";"2021-03-31 00:00:00"
137;137;"N";"2021-03-31 00:00:00";"2021-03-31 00:00:00"
138;138;"N";"2021-03-31 00:00:00";"2021-03-31 00:00:00"
139;139;"N";"2021-03-31 00:00:00";"2021-03-31 00:00:00"
140;140;"N";"2021-03-31 00:00:00";"2021-03-31 00:00:00"
141;141;"N";"2021-03-31 00:00:00";"2021-03-31 00:00:00"
142;142;"N";"2021-03-31 00:00:00";"2021-03-31 00:00:00"
143;143;"M";"2021-03-31 00:00:00";"2021-03-31 19:14:50"
144;144;"N";"2021-03-31 00:00:00";"2021-03-31 00:00:00"
145;145;"N";"2021-03-31 00:00:00";"2021-03-31 00:00:00"
146;146;"N";"2021-03-31 00:00:00";"2021-03-31 00:00:00"
147;147;"N";"2021-03-31 00:00:00";"2021-03-31 00:00:00"
148;148;"N";"2021-03-31 00:00:00";"2021-03-31 00:00:00"
149;149;"N";"2021-03-31 00:00:00";"2021-03-31 00:00:00"
150;150;"N";"2021-03-31 00:00:00";"2021-03-31 00:00:00"
151;151;"N";"2021-03-31 00:00:00";"2021-03-31 00:00:00"
152;152;"N";"2021-03-31 00:00:00";"2021-03-31 00:00:00"
153;153;"N";"2021-03-31 00:00:00";"2021-03-31 00:00:00"
154;154;"N";"2021-03-31 00:00:00";"2021-03-31 00:00:00"
155;155;"N";"2021-03-31 00:00:00";"2021-03-31 00:00:00"
156;156;"N";"2021-03-31 00:00:00";"2021-03-31 00:00:00"
157;157;"N";"2021-03-31 00:00:00";"2021-03-31 00:00:00"
158;158;"N";"2021-03-31 00:00:00";"2021-03-31 00:00:00"
159;159;"N";"2021-03-31 00:00:00";"2021-03-31 00:00:00"
160;160;"N";"2021-03-31 00:00:00";"2021-03-31 00:00:00"
161;161;"M";"2021-03-31 00:00:00";"2021-03-31 19:21:08"
162;162;"N";"2021-03-31 00:00:00";"2021-03-31 00:00:00"
163;163;"N";"2021-03-31 00:00:00";"2021-03-31 00:00:00"
164;164;"N";"2021-03-31 00:00:00";"2021-03-31 00:00:00"
165;165;"N";"2021-03-31 00:00:00";"2021-03-31 00:00:00"
166;166;"M";"2021-03-31 00:00:00";"2021-03-31 19:21:10"
167;167;"N";"2021-03-31 00:00:00";"2021-03-31 00:00:00"
168;168;"N";"2021-03-31 00:00:00";"2021-03-31 00:00:00"
169;169;"N";"2021-03-31 00:00:00";"2021-03-31 00:00:00"
170;170;"N";"2021-03-31 00:00:00";"2021-03-31 00:00:00"
171;171;"N";"2021-03-31 00:00:00";"2021-03-31 00:00:00"
172;172;"M";"2021-03-31 00:00:00";"2021-03-31 19:14:19"
173;173;"N";"2021-03-31 00:00:00";"2021-03-31 00:00:00"
174;174;"N";"2021-03-31 00:00:00";"2021-03-31 00:00:00"
175;175;"N";"2021-03-31 00:00:00";"2021-03-31 00:00:00"
176;176;"N";"2021-03-31 00:00:00";"2021-03-31 00:00:00"
177;177;"N";"2021-03-31 00:00:00";"2021-03-31 00:00:00"
178;178;"N";"2021-03-31 00:00:00";"2021-03-31 00:00:00"
179;179;"N";"2021-03-31 00:00:00";"2021-03-31 00:00:00"
180;180;"N";"2021-03-31 00:00:00";"2021-03-31 00:00:00"
181;181;"N";"2021-03-31 00:00:00";"2021-03-31 00:00:00"
182;182;"N";"2021-03-31 00:00:00";"2021-03-31 00:00:00"
183;183;"M";"2021-03-31 00:00:00";"2021-03-31 19:21:27"
184;184;"N";"2021-03-31 00:00:00";"2021-03-31 00:00:00"
185;185;"N";"2021-03-31 00:00:00";"2021-03-31 00:00:00"
186;186;"N";"2021-03-31 00:00:00";"2021-03-31 00:00:00"
187;187;"M";"2021-03-31 00:00:00";"2021-03-31 19:17:20"
188;188;"N";"2021-03-31 00:00:00";"2021-03-31 00:00:00"
189;189;"N";"2021-03-31 00:00:00";"2021-03-31 00:00:00"
190;190;"N";"2021-03-31 00:00:00";"2021-03-31 00:00:00"
191;191;"N";"2021-03-31 00:00:00";"2021-03-31 00:00:00"
192;192;"N";"2021-03-31 00:00:00";"2021-03-31 00:00:00"
193;193;"M";"2021-03-31 00:00:00";"2021-03-31 19:14:54"
194;194;"N";"2021-03-31 00:00:00";"2021-03-31 00:00:00"
195;195;"M";"2021-03-31 00:00:00";"2021-03-31 19:21:36"
196;196;"N";"2021-03-31 00:00:00";"2021-03-31 00:00:00"
197;197;"N";"2021-03-31 00:00:00";"2021-03-31 00:00:00"
198;198;"M";"2021-03-31 00:00:00";"2021-03-31 19:21:03"
199;199;"N";"2021-03-31 00:00:00";"2021-03-31 00:00:00"
200;200;"N";"2021-03-31 00:00:00";"2021-03-31 00:00:00"
201;201;"N";"2021-03-31 00:00:00";"2021-03-31 00:00:00"
202;202;"N";"2021-03-31 00:00:00";"2021-03-31 00:00:00"
203;203;"N";"2021-03-31 00:00:00";"2021-03-31 00:00:00"
204;204;"N";"2021-03-31 00:00:00";"2021-03-31 00:00:00"
205;205;"M";"2021-03-31 00:00:00";"2021-03-31 19:14:48"
206;206;"N";"2021-03-31 00:00:00";"2021-03-31 00:00:00"
207;207;"N";"2021-03-31 00:00:00";"2021-03-31 00:00:00"
208;208;"N";"2021-03-31 00:00:00";"2021-03-31 00:00:00"
209;209;"N";"2021-03-31 00:00:00";"2021-03-31 00:00:00"
210;210;"N";"2021-03-31 00:00:00";"2021-03-31 00:00:00"
211;211;"N";"2021-03-31 00:00:00";"2021-03-31 00:00:00"
212;212;"N";"2021-03-31 00:00:00";"2021-03-31 00:00:00"
213;213;"N";"2021-03-31 00:00:00";"2021-03-31 00:00:00"
214;214;"N";"2021-03-31 00:00:00";"2021-03-31 00:00:00"
215;215;"N";"2021-03-31 00:00:00";"2021-03-31 00:00:00"
216;216;"N";"2021-03-31 00:00:00";"2021-03-31 00:00:00"
217;217;"N";"2021-03-31 00:00:00";"2021-03-31 00:00:00"
218;218;"N";"2021-03-31 00:00:00";"2021-03-31 00:00:00"
219;219;"M";"2021-03-31 00:00:00";"2021-03-31 19:17:43"
220;220;"N";"2021-03-31 00:00:00";"2021-03-31 00:00:00"
221;221;"N";"2021-03-31 00:00:00";"2021-03-31 00:00:00"
222;222;"N";"2021-03-31 00:00:00";"2021-03-31 00:00:00"
223;223;"N";"2021-03-31 00:00:00";"2021-03-31 00:00:00"
224;224;"N";"2021-03-31 00:00:00";"2021-03-31 00:00:00"
225;225;"N";"2021-03-31 00:00:00";"2021-03-31 00:00:00"
226;226;"N";"2021-03-31 00:00:00";"2021-03-31 00:00:00"
227;227;"N";"2021-03-31 00:00:00";"2021-03-31 00:00:00"
228;228;"N";"2021-03-31 00:00:00";"2021-03-31 00:00:00"
229;229;"N";"2021-03-31 00:00:00";"2021-03-31 00:00:00"
230;230;"N";"2021-03-31 00:00:00";"2021-03-31 00:00:00"
231;231;"N";"2021-03-31 00:00:00";"2021-03-31 00:00:00"
232;232;"N";"2021-03-31 00:00:00";"2021-03-31 00:00:00"
233;233;"N";"2021-03-31 00:00:00";"2021-03-31 00:00:00"
234;234;"M";"2021-03-31 00:00:00";"2021-03-31 19:20:45"
235;235;"N";"2021-03-31 00:00:00";"2021-03-31 00:00:00"
236;236;"N";"2021-03-31 00:00:00";"2021-03-31 00:00:00"
237;237;"N";"2021-03-31 00:00:00";"2021-03-31 00:00:00"
238;238;"N";"2021-03-31 00:00:00";"2021-03-31 00:00:00"
239;239;"N";"2021-03-31 00:00:00";"2021-03-31 00:00:00"
240;240;"N";"2021-03-31 00:00:00";"2021-03-31 00:00:00"
241;241;"N";"2021-03-31 00:00:00";"2021-03-31 00:00:00"
242;242;"N";"2021-03-31 00:00:00";"2021-03-31 00:00:00"
243;243;"N";"2021-03-31 00:00:00";"2021-03-31 00:00:00"
244;244;"N";"2021-03-31 00:00:00";"2021-03-31 00:00:00"
245;245;"N";"2021-03-31 00:00:00";"2021-03-31 00:00:00"
246;246;"N";"2021-03-31 00:00:00";"2021-03-31 00:00:00"
247;247;"N";"2021-03-31 00:00:00";"2021-03-31 00:00:00"
248;248;"N";"2021-03-31 00:00:00";"2021-03-31 00:00:00"
249;249;"M";"2021-03-31 00:00:00";"2021-03-31 19:20:44"
250;250;"N";"2021-03-31 00:00:00";"2021-03-31 00:00:00"
251;251;"N";"2021-03-31 00:00:00";"2021-03-31 00:00:00"
252;252;"N";"2021-03-31 00:00:00";"2021-03-31 00:00:00"
253;253;"N";"2021-03-31 00:00:00";"2021-03-31 00:00:00"
254;254;"N";"2021-03-31 00:00:00";"2021-03-31 00:00:00"
255;255;"N";"2021-03-31 00:00:00";"2021-03-31 00:00:00"
256;256;"N";"2021-03-31 00:00:00";"2021-03-31 00:00:00"
257;257;"N";"2021-03-31 00:00:00";"2021-03-31 00:00:00"
258;258;"N";"2021-03-31 00:00:00";"2021-03-31 00:00:00"
259;259;"N";"2021-03-31 00:00:00";"2021-03-31 00:00:00"
260;260;"N";"2021-03-31 00:00:00";"2021-03-31 00:00:00"
261;261;"N";"2021-03-31 00:00:00";"2021-03-31 00:00:00"
262;262;"N";"2021-03-31 00:00:00";"2021-03-31 00:00:00"
263;263;"N";"2021-03-31 00:00:00";"2021-03-31 00:00:00"
264;264;"M";"2021-03-31 00:00:00";"2021-03-31 19:17:33"
265;265;"N";"2021-03-31 00:00:00";"2021-03-31 00:00:00"
266;266;"N";"2021-03-31 00:00:00";"2021-03-31 00:00:00"
267;267;"N";"2021-03-31 00:00:00";"2021-03-31 00:00:00"
268;268;"N";"2021-03-31 00:00:00";"2021-03-31 00:00:00"
269;269;"N";"2021-03-31 00:00:00";"2021-03-31 00:00:00"
270;270;"N";"2021-03-31 00:00:00";"2021-03-31 00:00:00"
271;271;"N";"2021-03-31 00:00:00";"2021-03-31 00:00:00"
272;272;"N";"2021-03-31 00:00:00";"2021-03-31 00:00:00"
273;273;"N";"2021-03-31 00:00:00";"2021-03-31 00:00:00"
274;274;"M";"2021-03-31 00:00:00";"2021-03-31 19:17:45"
275;275;"N";"2021-03-31 00:00:00";"2021-03-31 00:00:00"
276;276;"N";"2021-03-31 00:00:00";"2021-03-31 00:00:00"
277;277;"N";"2021-03-31 00:00:00";"2021-03-31 00:00:00"
278;278;"N";"2021-03-31 00:00:00";"2021-03-31 00:00:00"
279;279;"N";"2021-03-31 00:00:00";"2021-03-31 00:00:00"
280;280;"N";"2021-03-31 00:00:00";"2021-03-31 00:00:00"
281;281;"N";"2021-03-31 00:00:00";"2021-03-31 00:00:00"
282;282;"N";"2021-03-31 00:00:00";"2021-03-31 00:00:00"
283;283;"N";"2021-03-31 00:00:00";"2021-03-31 00:00:00"
284;284;"M";"2021-03-31 00:00:00";"2021-03-31 19:20:20"
285;285;"N";"2021-03-31 00:00:00";"2021-03-31 00:00:00"
286;286;"N";"2021-03-31 00:00:00";"2021-03-31 00:00:00"
287;287;"N";"2021-03-31 00:00:00";"2021-03-31 00:00:00"
288;288;"N";"2021-03-31 00:00:00";"2021-03-31 00:00:00"
289;289;"N";"2021-03-31 00:00:00";"2021-03-31 00:00:00"
290;290;"N";"2021-03-31 00:00:00";"2021-03-31 00:00:00"
291;291;"N";"2021-03-31 00:00:00";"2021-03-31 00:00:00"
292;292;"N";"2021-03-31 00:00:00";"2021-03-31 00:00:00"
293;293;"M";"2021-03-31 00:00:00";"2021-03-31 19:20:22"
294;294;"N";"2021-03-31 00:00:00";"2021-03-31 00:00:00"
295;295;"N";"2021-03-31 00:00:00";"2021-03-31 00:00:00"
296;296;"N";"2021-03-31 00:00:00";"2021-03-31 00:00:00"
297;297;"N";"2021-03-31 00:00:00";"2021-03-31 00:00:00"
298;298;"N";"2021-03-31 00:00:00";"2021-03-31 00:00:00"
299;299;"N";"2021-03-31 00:00:00";"2021-03-31 00:00:00"
300;300;"N";"2021-03-31 00:00:00";"2021-03-31 00:00:00"
301;301;"N";"2021-03-31 00:00:00";"2021-03-31 00:00:00"
302;302;"N";"2021-03-31 00:00:00";"2021-03-31 00:00:00"
303;303;"N";"2021-03-31 00:00:00";"2021-03-31 00:00:00"
304;304;"N";"2021-03-31 00:00:00";"2021-03-31 00:00:00"
305;305;"N";"2021-03-31 00:00:00";"2021-03-31 00:00:00"
306;306;"N";"2021-03-31 00:00:00";"2021-03-31 00:00:00"
307;307;"N";"2021-03-31 00:00:00";"2021-03-31 00:00:00"
308;308;"M";"2021-03-31 00:00:00";"2021-03-31 19:21:07"
309;309;"N";"2021-03-31 00:00:00";"2021-03-31 00:00:00"
310;310;"N";"2021-03-31 00:00:00";"2021-03-31 00:00:00"
311;311;"N";"2021-03-31 00:00:00";"2021-03-31 00:00:00"
312;312;"N";"2021-03-31 00:00:00";"2021-03-31 00:00:00"
313;313;"N";"2021-03-31 00:00:00";"2021-03-31 00:00:00"
314;314;"N";"2021-03-31 00:00:00";"2021-03-31 00:00:00"
315;315;"N";"2021-03-31 00:00:00";"2021-03-31 00:00:00"
316;316;"N";"2021-03-31 00:00:00";"2021-03-31 00:00:00"
317;317;"N";"2021-03-31 00:00:00";"2021-03-31 00:00:00"
318;318;"N";"2021-03-31 00:00:00";"2021-03-31 00:00:00"
319;319;"N";"2021-03-31 00:00:00";"2021-03-31 00:00:00"
320;320;"N";"2021-03-31 00:00:00";"2021-03-31 00:00:00"
321;321;"N";"2021-03-31 00:00:00";"2021-03-31 00:00:00"
322;322;"N";"2021-03-31 00:00:00";"2021-03-31 00:00:00"
323;323;"M";"2021-03-31 00:00:00";"2021-03-31 19:31:36"
324;324;"M";"2021-03-31 00:00:00";"2021-03-31 19:21:25"
325;325;"N";"2021-03-31 00:00:00";"2021-03-31 00:00:00"
326;326;"N";"2021-03-31 00:00:00";"2021-03-31 00:00:00"
327;327;"N";"2021-03-31 00:00:00";"2021-03-31 00:00:00"
328;328;"N";"2021-03-31 00:00:00";"2021-03-31 00:00:00"
329;329;"N";"2021-03-31 00:00:00";"2021-03-31 00:00:00"
330;330;"N";"2021-03-31 00:00:00";"2021-03-31 00:00:00"
331;331;"N";"2021-03-31 00:00:00";"2021-03-31 00:00:00"
332;332;"N";"2021-03-31 00:00:00";"2021-03-31 00:00:00"
333;333;"N";"2021-03-31 00:00:00";"2021-03-31 00:00:00"
334;334;"N";"2021-03-31 00:00:00";"2021-03-31 00:00:00"
335;335;"M";"2021-03-31 00:00:00";"2021-03-31 19:21:21"
336;336;"N";"2021-03-31 00:00:00";"2021-03-31 00:00:00"
337;337;"N";"2021-03-31 00:00:00";"2021-03-31 00:00:00"
338;338;"N";"2021-03-31 00:00:00";"2021-03-31 00:00:00"
339;339;"N";"2021-03-31 00:00:00";"2021-03-31 00:00:00"
340;340;"N";"2021-03-31 00:00:00";"2021-03-31 00:00:00"
341;341;"N";"2021-03-31 00:00:00";"2021-03-31 00:00:00"
342;342;"N";"2021-03-31 00:00:00";"2021-03-31 00:00:00"
343;343;"N";"2021-03-31 00:00:00";"2021-03-31 00:00:00"
344;344;"N";"2021-03-31 00:00:00";"2021-03-31 00:00:00"
345;345;"N";"2021-03-31 00:00:00";"2021-03-31 00:00:00"
346;346;"N";"2021-03-31 00:00:00";"2021-03-31 00:00:00"
347;347;"M";"2021-03-31 00:00:00";"2021-03-31 19:14:56"
348;348;"N";"2021-03-31 00:00:00";"2021-03-31 00:00:00"
349;349;"N";"2021-03-31 00:00:00";"2021-03-31 00:00:00"
350;350;"N";"2021-03-31 00:00:00";"2021-03-31 00:00:00"
351;351;"M";"2021-03-31 00:00:00";"2021-03-31 19:21:24"
352;352;"N";"2021-03-31 00:00:00";"2021-03-31 00:00:00"
353;353;"M";"2021-03-31 00:00:00";"2021-03-31 19:16:47"
354;354;"N";"2021-03-31 00:00:00";"2021-03-31 00:00:00"
355;355;"N";"2021-03-31 00:00:00";"2021-03-31 00:00:00"
356;356;"N";"2021-03-31 00:00:00";"2021-03-31 00:00:00"
357;357;"N";"2021-03-31 00:00:00";"2021-03-31 00:00:00"
358;358;"N";"2021-03-31 00:00:00";"2021-03-31 00:00:00"
359;359;"N";"2021-03-31 00:00:00";"2021-03-31 00:00:00"
360;360;"N";"2021-03-31 00:00:00";"2021-03-31 00:00:00"
361;361;"N";"2021-03-31 00:00:00";"2021-03-31 00:00:00"
362;362;"N";"2021-03-31 00:00:00";"2021-03-31 00:00:00"
363;363;"N";"2021-03-31 00:00:00";"2021-03-31 00:00:00"
364;364;"M";"2021-03-31 00:00:00";"2021-03-31 19:20:59"
365;365;"N";"2021-03-31 00:00:00";"2021-03-31 00:00:00"
366;366;"N";"2021-03-31 00:00:00";"2021-03-31 00:00:00"
367;367;"N";"2021-03-31 00:00:00";"2021-03-31 00:00:00"
368;368;"N";"2021-03-31 00:00:00";"2021-03-31 00:00:00"
369;369;"M";"2021-03-31 00:00:00";"2021-03-31 19:14:51"
370;370;"N";"2021-03-31 00:00:00";"2021-03-31 00:00:00"
371;371;"N";"2021-03-31 00:00:00";"2021-03-31 00:00:00"
372;372;"N";"2021-03-31 00:00:00";"2021-03-31 00:00:00"
373;373;"N";"2021-03-31 00:00:00";"2021-03-31 00:00:00"
374;374;"N";"2021-03-31 00:00:00";"2021-03-31 00:00:00"
375;375;"N";"2021-03-31 00:00:00";"2021-03-31 00:00:00"
376;376;"N";"2021-03-31 00:00:00";"2021-03-31 00:00:00"
377;377;"N";"2021-03-31 00:00:00";"2021-03-31 00:00:00"
378;378;"N";"2021-03-31 00:00:00";"2021-03-31 00:00:00"
379;379;"M";"2021-03-31 00:00:00";"2021-03-31 19:15:00"
380;380;"N";"2021-03-31 00:00:00";"2021-03-31 00:00:00"
381;381;"N";"2021-03-31 00:00:00";"2021-03-31 00:00:00"
382;382;"N";"2021-03-31 00:00:00";"2021-03-31 00:00:00"
383;383;"M";"2021-03-31 00:00:00";"2021-03-31 19:13:57"
384;384;"N";"2021-03-31 00:00:00";"2021-03-31 00:00:00"
385;385;"M";"2021-03-31 00:00:00";"2021-03-31 19:20:50"
386;386;"M";"2021-03-31 00:00:00";"2021-03-31 19:15:04"
387;387;"N";"2021-03-31 00:00:00";"2021-03-31 00:00:00"
388;388;"N";"2021-03-31 00:00:00";"2021-03-31 00:00:00"
389;389;"N";"2021-03-31 00:00:00";"2021-03-31 00:00:00"
390;390;"N";"2021-03-31 00:00:00";"2021-03-31 00:00:00"
391;391;"N";"2021-03-31 00:00:00";"2021-03-31 00:00:00"
392;392;"N";"2021-03-31 00:00:00";"2021-03-31 00:00:00"
393;393;"N";"2021-03-31 00:00:00";"2021-03-31 00:00:00"
394;394;"N";"2021-03-31 00:00:00";"2021-03-31 00:00:00"
395;395;"N";"2021-03-31 00:00:00";"2021-03-31 00:00:00"
396;396;"N";"2021-03-31 00:00:00";"2021-03-31 00:00:00"
397;397;"N";"2021-03-31 00:00:00";"2021-03-31 00:00:00"
398;398;"N";"2021-03-31 00:00:00";"2021-03-31 00:00:00"
399;399;"N";"2021-03-31 00:00:00";"2021-03-31 00:00:00"
400;400;"N";"2021-03-31 00:00:00";"2021-03-31 00:00:00"
401;401;"N";"2021-03-31 00:00:00";"2021-03-31 00:00:00"
402;402;"M";"2021-03-31 00:00:00";"2021-03-31 19:21:31"
403;403;"N";"2021-03-31 00:00:00";"2021-03-31 00:00:00"
404;404;"N";"2021-03-31 00:00:00";"2021-03-31 00:00:00"
405;405;"N";"2021-03-31 00:00:00";"2021-03-31 00:00:00"
406;406;"M";"2021-03-31 00:00:00";"2021-03-31 19:15:02"
407;407;"N";"2021-03-31 00:00:00";"2021-03-31 00:00:00"
408;408;"N";"2021-03-31 00:00:00";"2021-03-31 00:00:00"
409;409;"N";"2021-03-31 00:00:00";"2021-03-31 00:00:00"
410;410;"N";"2021-03-31 00:00:00";"2021-03-31 00:00:00"
411;411;"N";"2021-03-31 00:00:00";"2021-03-31 00:00:00"
412;412;"W";"2021-03-31 00:00:00";"2021-03-31 19:36:09"
413;413;"N";"2021-03-31 00:00:00";"2021-03-31 00:00:00"
414;414;"N";"2021-03-31 00:00:00";"2021-03-31 00:00:00"
415;415;"N";"2021-03-31 00:00:00";"2021-03-31 00:00:00"
416;416;"N";"2021-03-31 00:00:00";"2021-03-31 00:00:00"
417;417;"N";"2021-03-31 00:00:00";"2021-03-31 00:00:00"
418;418;"N";"2021-03-31 00:00:00";"2021-03-31 00:00:00"
419;419;"N";"2021-03-31 00:00:00";"2021-03-31 00:00:00"
420;420;"N";"2021-03-31 00:00:00";"2021-03-31 00:00:00"
421;421;"N";"2021-03-31 00:00:00";"2021-03-31 00:00:00"
422;422;"M";"2021-03-31 00:00:00";"2021-03-31 19:20:28"
423;423;"N";"2021-03-31 00:00:00";"2021-03-31 00:00:00"
424;424;"N";"2021-03-31 00:00:00";"2021-03-31 00:00:00"
425;425;"N";"2021-03-31 00:00:00";"2021-03-31 00:00:00"
426;426;"M";"2021-03-31 00:00:00";"2021-03-31 19:20:25"
427;427;"N";"2021-03-31 00:00:00";"2021-03-31 00:00:00"
428;428;"M";"2021-03-31 00:00:00";"2021-03-31 19:17:29"
429;429;"N";"2021-03-31 00:00:00";"2021-03-31 00:00:00"
430;430;"N";"2021-03-31 00:00:00";"2021-03-31 00:00:00"
431;431;"N";"2021-03-31 00:00:00";"2021-03-31 00:00:00"
432;432;"N";"2021-03-31 00:00:00";"2021-03-31 00:00:00"
433;433;"N";"2021-03-31 00:00:00";"2021-03-31 00:00:00"
434;434;"N";"2021-03-31 00:00:00";"2021-03-31 00:00:00"
435;435;"N";"2021-03-31 00:00:00";"2021-03-31 00:00:00"
436;436;"N";"2021-03-31 00:00:00";"2021-03-31 00:00:00"
437;437;"N";"2021-03-31 00:00:00";"2021-03-31 00:00:00"
438;438;"N";"2021-03-31 00:00:00";"2021-03-31 00:00:00"
439;439;"N";"2021-03-31 00:00:00";"2021-03-31 00:00:00"
440;440;"N";"2021-03-31 00:00:00";"2021-03-31 00:00:00"
441;441;"N";"2021-03-31 00:00:00";"2021-03-31 00:00:00"
442;442;"N";"2021-03-31 00:00:00";"2021-03-31 00:00:00"
443;443;"N";"2021-03-31 00:00:00";"2021-03-31 00:00:00"
444;444;"N";"2021-03-31 00:00:00";"2021-03-31 00:00:00"
445;445;"M";"2021-03-31 00:00:00";"2021-03-31 19:17:42"
446;446;"N";"2021-03-31 00:00:00";"2021-03-31 00:00:00"
447;447;"N";"2021-03-31 00:00:00";"2021-03-31 00:00:00"
448;448;"N";"2021-03-31 00:00:00";"2021-03-31 00:00:00"
449;449;"M";"2021-03-31 00:00:00";"2021-03-31 19:20:30"
450;450;"N";"2021-03-31 00:00:00";"2021-03-31 00:00:00"
451;451;"N";"2021-03-31 00:00:00";"2021-03-31 00:00:00"
452;452;"N";"2021-03-31 00:00:00";"2021-03-31 00:00:00"
453;453;"N";"2021-03-31 00:00:00";"2021-03-31 00:00:00"
454;454;"N";"2021-03-31 00:00:00";"2021-03-31 00:00:00"
455;455;"M";"2021-03-31 00:00:00";"2021-03-31 19:14:17"
456;456;"N";"2021-03-31 00:00:00";"2021-03-31 00:00:00"
457;457;"N";"2021-03-31 00:00:00";"2021-03-31 00:00:00"
458;458;"N";"2021-03-31 00:00:00";"2021-03-31 00:00:00"
459;459;"N";"2021-03-31 00:00:00";"2021-03-31 00:00:00"
460;460;"N";"2021-03-31 00:00:00";"2021-03-31 00:00:00"
461;461;"N";"2021-03-31 00:00:00";"2021-03-31 00:00:00"
462;462;"N";"2021-03-31 00:00:00";"2021-03-31 00:00:00"
463;463;"N";"2021-03-31 00:00:00";"2021-03-31 00:00:00"
464;464;"N";"2021-03-31 00:00:00";"2021-03-31 00:00:00"
465;465;"N";"2021-03-31 00:00:00";"2021-03-31 00:00:00"
466;466;"N";"2021-03-31 00:00:00";"2021-03-31 00:00:00"
467;467;"N";"2021-03-31 00:00:00";"2021-03-31 00:00:00"
468;468;"N";"2021-03-31 00:00:00";"2021-03-31 00:00:00"
469;469;"M";"2021-03-31 00:00:00";"2021-03-31 19:21:29"
470;470;"N";"2021-03-31 00:00:00";"2021-03-31 00:00:00"
471;471;"N";"2021-03-31 00:00:00";"2021-03-31 00:00:00"
472;472;"N";"2021-03-31 00:00:00";"2021-03-31 00:00:00"
473;473;"M";"2021-03-31 00:00:00";"2021-03-31 19:21:38"
474;474;"N";"2021-03-31 00:00:00";"2021-03-31 00:00:00"
475;475;"N";"2021-03-31 00:00:00";"2021-03-31 00:00:00"
476;476;"N";"2021-03-31 00:00:00";"2021-03-31 00:00:00"
477;477;"M";"2021-03-31 00:00:00";"2021-03-31 19:20:52"
478;478;"N";"2021-03-31 00:00:00";"2021-03-31 00:00:00"
479;479;"N";"2021-03-31 00:00:00";"2021-03-31 00:00:00"
480;480;"N";"2021-03-31 00:00:00";"2021-03-31 00:00:00"
481;481;"N";"2021-03-31 00:00:00";"2021-03-31 00:00:00"
482;482;"N";"2021-03-31 00:00:00";"2021-03-31 00:00:00"
483;483;"N";"2021-03-31 00:00:00";"2021-03-31 00:00:00"
484;484;"N";"2021-03-31 00:00:00";"2021-03-31 00:00:00"
485;485;"N";"2021-03-31 00:00:00";"2021-03-31 00:00:00"
486;486;"N";"2021-03-31 00:00:00";"2021-03-31 00:00:00"
487;487;"N";"2021-03-31 00:00:00";"2021-03-31 00:00:00"
488;488;"N";"2021-03-31 00:00:00";"2021-03-31 00:00:00"
489;489;"N";"2021-03-31 00:00:00";"2021-03-31 00:00:00"
490;490;"N";"2021-03-31 00:00:00";"2021-03-31 00:00:00"
491;491;"N";"2021-03-31 00:00:00";"2021-03-31 00:00:00"
492;492;"N";"2021-03-31 00:00:00";"2021-03-31 00:00:00"
493;493;"M";"2021-03-31 00:00:00";"2021-03-31 19:22:09"
494;494;"N";"2021-03-31 00:00:00";"2021-03-31 00:00:00"
495;495;"M";"2021-03-31 00:00:00";"2021-03-31 19:21:23"
496;496;"N";"2021-03-31 00:00:00";"2021-03-31 00:00:00"
497;497;"N";"2021-03-31 00:00:00";"2021-03-31 00:00:00"
498;498;"N";"2021-03-31 00:00:00";"2021-03-31 00:00:00"
499;499;"N";"2021-03-31 00:00:00";"2021-03-31 00:00:00"
500;500;"N";"2021-03-31 00:00:00";"2021-03-31 00:00:00"
501;501;"N";"2021-03-31 00:00:00";"2021-03-31 00:00:00"
502;502;"N";"2021-03-31 00:00:00";"2021-03-31 00:00:00"
503;503;"N";"2021-03-31 00:00:00";"2021-03-31 00:00:00"
504;504;"N";"2021-03-31 00:00:00";"2021-03-31 00:00:00"
505;505;"N";"2021-03-31 00:00:00";"2021-03-31 00:00:00"
506;506;"N";"2021-03-31 00:00:00";"2021-03-31 00:00:00"
507;507;"N";"2021-03-31 00:00:00";"2021-03-31 00:00:00"
508;508;"N";"2021-03-31 00:00:00";"2021-03-31 00:00:00"
509;509;"N";"2021-03-31 00:00:00";"2021-03-31 00:00:00"
510;510;"N";"2021-03-31 00:00:00";"2021-03-31 00:00:00"
511;511;"N";"2021-03-31 00:00:00";"2021-03-31 00:00:00"
512;512;"N";"2021-03-31 00:00:00";"2021-03-31 00:00:00"
513;513;"N";"2021-03-31 00:00:00";"2021-03-31 00:00:00"
514;514;"N";"2021-03-31 00:00:00";"2021-03-31 00:00:00"
515;515;"N";"2021-03-31 00:00:00";"2021-03-31 00:00:00"
516;516;"N";"2021-03-31 00:00:00";"2021-03-31 00:00:00"
517;517;"N";"2021-03-31 00:00:00";"2021-03-31 00:00:00"
518;518;"M";"2021-03-31 00:00:00";"2021-03-31 19:14:46"
519;519;"N";"2021-03-31 00:00:00";"2021-03-31 00:00:00"
520;520;"N";"2021-03-31 00:00:00";"2021-03-31 00:00:00"
521;521;"N";"2021-03-31 00:00:00";"2021-03-31 00:00:00"
522;522;"N";"2021-03-31 00:00:00";"2021-03-31 00:00:00"
523;523;"N";"2021-03-31 00:00:00";"2021-03-31 00:00:00"
524;524;"N";"2021-03-31 00:00:00";"2021-03-31 00:00:00"
525;525;"N";"2021-03-31 00:00:00";"2021-03-31 00:00:00"
526;526;"N";"2021-03-31 00:00:00";"2021-03-31 00:00:00"
527;527;"N";"2021-03-31 00:00:00";"2021-03-31 00:00:00"
528;528;"N";"2021-03-31 00:00:00";"2021-03-31 00:00:00"
529;529;"N";"2021-03-31 00:00:00";"2021-03-31 00:00:00"
530;530;"N";"2021-03-31 00:00:00";"2021-03-31 00:00:00"
531;531;"N";"2021-03-31 00:00:00";"2021-03-31 00:00:00"
532;532;"N";"2021-03-31 00:00:00";"2021-03-31 00:00:00"
533;533;"N";"2021-03-31 00:00:00";"2021-03-31 00:00:00"
534;534;"N";"2021-03-31 00:00:00";"2021-03-31 00:00:00"
535;535;"N";"2021-03-31 00:00:00";"2021-03-31 00:00:00"
536;536;"N";"2021-03-31 00:00:00";"2021-03-31 00:00:00"
537;537;"N";"2021-03-31 00:00:00";"2021-03-31 00:00:00"
538;538;"N";"2021-03-31 00:00:00";"2021-03-31 00:00:00"
539;539;"N";"2021-03-31 00:00:00";"2021-03-31 00:00:00"
540;540;"N";"2021-03-31 00:00:00";"2021-03-31 00:00:00"
541;541;"N";"2021-03-31 00:00:00";"2021-03-31 00:00:00"
542;542;"N";"2021-03-31 00:00:00";"2021-03-31 00:00:00"
543;543;"N";"2021-03-31 00:00:00";"2021-03-31 00:00:00"
544;544;"N";"2021-03-31 00:00:00";"2021-03-31 00:00:00"
545;545;"M";"2021-03-31 00:00:00";"2021-03-31 19:31:39"
546;546;"N";"2021-03-31 00:00:00";"2021-03-31 00:00:00"
547;547;"N";"2021-03-31 00:00:00";"2021-03-31 00:00:00"
548;548;"M";"2021-03-31 00:00:00";"2021-03-31 19:14:27"
549;549;"N";"2021-03-31 00:00:00";"2021-03-31 00:00:00"
550;550;"M";"2021-03-31 00:00:00";"2021-03-31 19:17:28"
551;551;"N";"2021-03-31 00:00:00";"2021-03-31 00:00:00"
552;552;"M";"2021-03-31 00:00:00";"2021-03-31 19:20:47"
553;553;"M";"2021-03-31 00:00:00";"2021-03-31 19:21:05"
554;554;"N";"2021-03-31 00:00:00";"2021-03-31 00:00:00"
555;555;"N";"2021-03-31 00:00:00";"2021-03-31 00:00:00"
556;556;"N";"2021-03-31 00:00:00";"2021-03-31 00:00:00"
557;557;"N";"2021-03-31 00:00:00";"2021-03-31 00:00:00"
558;558;"N";"2021-03-31 00:00:00";"2021-03-31 00:00:00"
559;559;"M";"2021-03-31 00:00:00";"2021-03-31 19:17:24"
560;560;"N";"2021-03-31 00:00:00";"2021-03-31 00:00:00"
561;561;"N";"2021-03-31 00:00:00";"2021-03-31 00:00:00"
562;562;"N";"2021-03-31 00:00:00";"2021-03-31 00:00:00"
563;563;"N";"2021-03-31 00:00:00";"2021-03-31 00:00:00"
564;564;"N";"2021-03-31 00:00:00";"2021-03-31 00:00:00"
565;565;"N";"2021-03-31 00:00:00";"2021-03-31 00:00:00"
566;566;"N";"2021-03-31 00:00:00";"2021-03-31 00:00:00"
567;567;"M";"2021-03-31 00:00:00";"2021-03-31 19:17:31"
568;568;"N";"2021-03-31 00:00:00";"2021-03-31 00:00:00"
569;569;"N";"2021-03-31 00:00:00";"2021-03-31 00:00:00"
570;570;"N";"2021-03-31 00:00:00";"2021-03-31 00:00:00"
571;571;"N";"2021-03-31 00:00:00";"2021-03-31 00:00:00"
572;572;"N";"2021-03-31 00:00:00";"2021-03-31 00:00:00"
573;573;"N";"2021-03-31 00:00:00";"2021-03-31 00:00:00"
574;574;"N";"2021-03-31 00:00:00";"2021-03-31 00:00:00"
575;575;"N";"2021-03-31 00:00:00";"2021-03-31 00:00:00"
576;576;"N";"2021-03-31 00:00:00";"2021-03-31 00:00:00"
577;577;"N";"2021-03-31 00:00:00";"2021-03-31 00:00:00"
578;578;"M";"2021-03-31 00:00:00";"2021-03-31 19:14:24"
579;579;"N";"2021-03-31 00:00:00";"2021-03-31 00:00:00"
580;580;"N";"2021-03-31 00:00:00";"2021-03-31 00:00:00"
581;581;"N";"2021-03-31 00:00:00";"2021-03-31 00:00:00"
582;582;"N";"2021-03-31 00:00:00";"2021-03-31 00:00:00"
583;583;"N";"2021-03-31 00:00:00";"2021-03-31 00:00:00"
584;584;"M";"2021-03-31 00:00:00";"2021-03-31 19:21:12"
585;585;"N";"2021-03-31 00:00:00";"2021-03-31 00:00:00"
586;586;"N";"2021-03-31 00:00:00";"2021-03-31 00:00:00"
587;587;"N";"2021-03-31 00:00:00";"2021-03-31 00:00:00"
588;588;"N";"2021-03-31 00:00:00";"2021-03-31 00:00:00"
589;589;"N";"2021-03-31 00:00:00";"2021-03-31 00:00:00"
590;590;"N";"2021-03-31 00:00:00";"2021-03-31 00:00:00"
591;591;"N";"2021-03-31 00:00:00";"2021-03-31 00:00:00"
592;592;"N";"2021-03-31 00:00:00";"2021-03-31 00:00:00"
593;593;"N";"2021-03-31 00:00:00";"2021-03-31 00:00:00"
594;594;"N";"2021-03-31 00:00:00";"2021-03-31 00:00:00"
595;595;"N";"2021-03-31 00:00:00";"2021-03-31 00:00:00"
596;596;"M";"2021-03-31 00:00:00";"2021-03-31 19:20:12"
597;597;"N";"2021-03-31 00:00:00";"2021-03-31 00:00:00"
598;598;"N";"2021-03-31 00:00:00";"2021-03-31 00:00:00"
599;599;"N";"2021-03-31 00:00:00";"2021-03-31 00:00:00"
600;600;"N";"2021-03-31 00:00:00";"2021-03-31 00:00:00"
601;601;"M";"2021-03-31 00:00:00";"2021-03-31 19:14:58"
602;602;"N";"2021-03-31 00:00:00";"2021-03-31 00:00:00"
603;603;"N";"2021-03-31 00:00:00";"2021-03-31 00:00:00"
604;604;"N";"2021-03-31 00:00:00";"2021-03-31 00:00:00"
